Product Name,Description,Image Url,Price,Rating,Merchant
Samsung Galaxy A04e 3/32 Garansi Resmi Not Samsung A03 A03 Core A03s,Samsung Galaxy A04e 3/32 Garansi Resmi Not Samsung A03 A03 Core A03s,,Rp1.038.000,5,Dewa Ponsel Rakyat
Vivo Y17s 6/128 Garansi Resmi New Segel,Vivo Y17s 6/128 Garansi Resmi New Segel,,Rp1.741.000,5,ISS - Indotek Solusi Seluler
DALIL PUTIH,DALIL PUTIH,,Rp55.000,5,VIIW
Promo Infinix Hot 30i 8/128 GB Garansi Resmi,Promo Infinix Hot 30i 8/128 GB Garansi Resmi,,Rp1.400.000,5,Willsoon Store
Samsung A14 5G (6/128) Garansi Resmi,Samsung A14 5G (6/128) Garansi Resmi,,Rp2.350.000,5,Alzifa oLshop
Rokok Murah isi 20 btg DUBAI Lois DALILL DALIL Coffee Mild Coffe Stik,Rokok Murah isi 20 btg DUBAI Lois DALILL DALIL Coffee Mild Coffe Stik,,Rp9.000,5,kia maju mapan
Oppo a18 4/128 garansi resmi,Oppo a18 4/128 garansi resmi,,Rp1.610.000,5,jojocellphone
s proro boro tank alumunium,s proro boro tank alumunium,,Rp190.000,5,Holy Vapestoresemarang
RESMI iPhone 14 Pro Max 128 / 256 / 512 / 1TB Purple Black Silver Gold,RESMI iPhone 14 Pro Max 128 / 256 / 512 / 1TB Purple Black Silver Gold,,Rp19.296.000,5,tokohapedia
VIVO Y17S 6/128GB Garansi Resmi 1 Tahun,VIVO Y17S 6/128GB Garansi Resmi 1 Tahun,,Rp1.694.000,5,36shop
"[EARLY BIRD] TECNO PHANTOM V Flip 5G - 8+8GB*+256GB, 64MP Ultra-clear","[EARLY BIRD] TECNO PHANTOM V Flip 5G - 8+8GB*+256GB, 64MP Ultra-clear",,Rp7.999.000,5,TECNO Authorized Store
OPPO A3S 4/64GB 4/128GB FULLSET GARANSI 1 TAHUN,OPPO A3S 4/64GB 4/128GB FULLSET GARANSI 1 TAHUN,,Rp557.000,5,Yesponsel
"TECNO SPARK 10 – 4+4GB*+128GB, 50MP+AI Main Rear with Dual LED Flash +","TECNO SPARK 10 – 4+4GB*+128GB, 50MP+AI Main Rear with Dual LED Flash +",,Rp1.649.000,5,TECNO Authorized Store
VIVO Y17 6/128GB FULLSET GARANSI 1 TAHUN,VIVO Y17 6/128GB FULLSET GARANSI 1 TAHUN,,Rp679.000,5,Yesponsel
ADVAN smartphone NASA PRO 2GB/32GB Android 11,ADVAN smartphone NASA PRO 2GB/32GB Android 11,,Rp599.000,5,Advan Official Store
Apple iPhone 13 Garansi Resmi - 128GB 256GB 512GB,Apple iPhone 13 Garansi Resmi - 128GB 256GB 512GB,,Rp11.389.000,5,iSmile Official Store
Apple iPhone 15 Pro Garansi Resmi - 128GB 256GB 512GB 1T,Apple iPhone 15 Pro Garansi Resmi - 128GB 256GB 512GB 1T,,Rp20.169.000,5,iSmile Official Store
Samsung Galaxy A24 LTE 8/128GB,Samsung Galaxy A24 LTE 8/128GB,,Rp3.285.500,5,Samsung Official Store
Apple iPhone 14 Garansi Resmi - 128GB 256GB 512GB,Apple iPhone 14 Garansi Resmi - 128GB 256GB 512GB,,Rp12.839.000,5,iSmile Official Store
Xiaomi Official Redmi Note 12 50MP Triple Kamera 120Hz AMOLED NFC IP53,Xiaomi Official Redmi Note 12 50MP Triple Kamera 120Hz AMOLED NFC IP53,,Rp2.299.000,5,Xiaomi Official Store
Bundling Refill 15ml Starter Pack,Bundling Refill 15ml Starter Pack,,Rp200.000,5,RELX Jawa Timur
Apple iPhone 15 Pro Max Promax 256GB  512GB 1TB Titanium IMEI RESMI,Apple iPhone 15 Pro Max Promax 256GB  512GB 1TB Titanium IMEI RESMI,,Rp23.999.000,5,Big Berry Cellular
HP OPPO F11 RAM 6/128 GB FULLSET GARANSI 12 BULAN,HP OPPO F11 RAM 6/128 GB FULLSET GARANSI 12 BULAN,,Rp739.000,5,FastPh0ne
OPPO A54S RAM 6/128GB,OPPO A54S RAM 6/128GB,,Rp789.000,5,Hoki_Phonestore
gr4zy,gr4zy,,Rp73.000,5,Madura123 united
Iphone 12 Pro 128gb / 256gb /512gb Bekas Fullset,Iphone 12 Pro 128gb / 256gb /512gb Bekas Fullset,,Rp7.800.000,5,Boboy Store
Iphone 13 128Gb / 256Gb / 512Gb Bekas Fullset,Iphone 13 128Gb / 256Gb / 512Gb Bekas Fullset,,Rp8.600.000,5,Boboy Store
KYY X-tips,KYY X-tips,,Rp50.000,5,KYY group
Redmi Note 12 (4/128GB) (6/128GB) (8/128GB),Redmi Note 12 (4/128GB) (6/128GB) (8/128GB),,Rp2.099.000,5,Planet Gadget
"SAMSUNG A05 , SAMSUNG GALAXY A05 GARANSI RESMI ORIGINAL 100% TERMURAH!","SAMSUNG A05 , SAMSUNG GALAXY A05 GARANSI RESMI ORIGINAL 100% TERMURAH!",,Rp1.602.000,5,Raja cahaya shop
Itel A70 RAM 3/128 4/128 3 4 128 GB Original Garansi Resmi,Itel A70 RAM 3/128 4/128 3 4 128 GB Original Garansi Resmi,,Rp1.000.000,5,Original-Link
(RESMI SEIN) Samsung Galaxy Tab S7 Plus & S7 Keyboard Original New,(RESMI SEIN) Samsung Galaxy Tab S7 Plus & S7 Keyboard Original New,,Rp1.399.000,5,Putra Group
(RESMI) Samsung Galaxy M14 5G 6/128GB 128 GB Blue Silver SEIN,(RESMI) Samsung Galaxy M14 5G 6/128GB 128 GB Blue Silver SEIN,,Rp2.047.000,5,Putra Group
(RESMI) Samsung Galaxy S23 FE 8/128GB 8/256GB Mint Cream Graphite SEIN,(RESMI) Samsung Galaxy S23 FE 8/128GB 8/256GB Mint Cream Graphite SEIN,,Rp7.609.000,5,Putra Group
Vivo Y36 5G 8/256GB NFC RAM 8GB+8GB 44W FlashCharge Garansi Resmi,Vivo Y36 5G 8/256GB NFC RAM 8GB+8GB 44W FlashCharge Garansi Resmi,,Rp2.628.000,5,Super Hp Store
SAMSUNG GALAXY A05 6/128 GALAXY A 05 4/128 4/64 GARANSI RESMI SEIN,SAMSUNG GALAXY A05 6/128 GALAXY A 05 4/128 4/64 GARANSI RESMI SEIN,,Rp1.499.000,5,Cuan Gadget.id
Iphone 12 pro 128gb 256gb second fullset mulus terawat,Iphone 12 pro 128gb 256gb second fullset mulus terawat,,Rp7.648.000,5,HelloKittyAppleStore
vivo y33s 8/128gb,vivo y33s 8/128gb,,Rp959.000,5,Best Star Selluler
OPPO A31 6/128GB FULLSET TERMURAH GARANSI 1 TAHUN,OPPO A31 6/128GB FULLSET TERMURAH GARANSI 1 TAHUN,,Rp687.000,5,SS_ gadget
Infinix Hot 30 NFC 8/256 GB Garansi Resmi 1 Tahun,Infinix Hot 30 NFC 8/256 GB Garansi Resmi 1 Tahun,,Rp1.630.000,5,NEW ERA PONSEL
"OPPO A77S RAM 8/128GB 33W FULLSET GARANSI 12 BULAN - CHARCOALBLACK, 8/128GB","OPPO A77S RAM 8/128GB 33W FULLSET GARANSI 12 BULAN - CHARCOALBLACK, 8/128GB",,Rp889.000,5,Raemons Cell
Infinix Note 30 8/256 GB Garansi Resmi 1 Tahun,Infinix Note 30 8/256 GB Garansi Resmi 1 Tahun,,Rp1.930.000,5,NEW ERA PONSEL
RELX Eliquid Talas - Taro Scoop 30ml,RELX Eliquid Talas - Taro Scoop 30ml,,Rp91.550,5,RELX SURABAYA
Infinix Hot 30i 8/128 GB Garansi Resmi 1 Tahun,Infinix Hot 30i 8/128 GB Garansi Resmi 1 Tahun,,Rp1.341.000,5,NEW ERA PONSEL
SAMSUNG GALAXY M14 5G - NFC - 6000mAh - 4GB 64GB 4/64 GARANSI RESMI,SAMSUNG GALAXY M14 5G - NFC - 6000mAh - 4GB 64GB 4/64 GARANSI RESMI,,Rp1.727.000,5,Shopyz ID
Samsung Galaxy A05 4/64GB,Samsung Galaxy A05 4/64GB,,Rp1.499.000,5,SUPER GADGET - Samsung Authorized
[ RESMI IBOX ] Apple iPhone 14 & 14 Plus 5G 128GB 256GB 512GB Not Pro,[ RESMI IBOX ] Apple iPhone 14 & 14 Plus 5G 128GB 256GB 512GB Not Pro,,Rp13.261.000,5,New Rizkyapple
Infinix Smart 7 3/64GB  + 4/64GB Garansi Resmi,Infinix Smart 7 3/64GB  + 4/64GB Garansi Resmi,,Rp916.000,5,duniagadgetku
oppo f1s,oppo f1s,,Rp500.000,5,Sukses makmur jaya 1
Xiaomi 12T 8/256 Gb,Xiaomi 12T 8/256 Gb,,Rp5.374.500,5,jikalaku
Infinix Smart 7 4/64GB 3/64GB Garansi Resmi Smart 7 4GB Not Smart 6,Infinix Smart 7 4/64GB 3/64GB Garansi Resmi Smart 7 4GB Not Smart 6,,Rp1.699.000,5,Dewa Ponsel Rakyat
Infinix Hot 30i 8/128 GB Garansi Resmi Hot30i RAM 8GB ROM 128GB,Infinix Hot 30i 8/128 GB Garansi Resmi Hot30i RAM 8GB ROM 128GB,,Rp1.374.000,5,Dzumart Bekasi
Coffe Bleck,Coffe Bleck,,Rp73.000,5,Anam khoirul
JOIWAY GALAXY THE NIGHT KING LIMITED EDITION,JOIWAY GALAXY THE NIGHT KING LIMITED EDITION,,Rp170.000,5,DeComm
nokia 106,nokia 106,,Rp150.000,5,Edelweis Corner
HP VIVO Y66 RAM 4/64GB FULLSET TERMURAH BERGARANSI 1 TAHUN,HP VIVO Y66 RAM 4/64GB FULLSET TERMURAH BERGARANSI 1 TAHUN,,Rp355.000,5,XY_Cell
HP OPPO A3S RAM 4/64GB  6/128GB FULLSET TERMURAH BERGARANSI 1 TAHUN,HP OPPO A3S RAM 4/64GB  6/128GB FULLSET TERMURAH BERGARANSI 1 TAHUN,,Rp549.000,5,XY_Cell
Samsung Galaxy S23 Ultra 12/256 12/512 GB 12GB 256 512 Garansi Resmi,Samsung Galaxy S23 Ultra 12/256 12/512 GB 12GB 256 512 Garansi Resmi,,Rp16.575.000,5,Original-Link
Jam Digital Led 3D Untuk Dekorasi Dinding Atau Meja,Jam Digital Led 3D Untuk Dekorasi Dinding Atau Meja,,Rp59.000,5,White18
Tecno POVA Neo 3 8/128GB -Black-Resmi,Tecno POVA Neo 3 8/128GB -Black-Resmi,,Rp1.750.000,0,GorillaTech
VIVO V29 5G 12/512 VIVO V 29 5G 8/256 GARANSI RESMI INDONESIA,VIVO V29 5G 12/512 VIVO V 29 5G 8/256 GARANSI RESMI INDONESIA,,Rp5.999.000,5,Cuan Gadget.id
OPPO A77s 8/128 garansi 12 bulan,OPPO A77s 8/128 garansi 12 bulan,,Rp865.000,5,INFINITITE SHOP
"(IBOX) Apple iPhone 14 512GB 256GB 128GB 6.1"" inch Resmi Indo TAM","(IBOX) Apple iPhone 14 512GB 256GB 128GB 6.1"" inch Resmi Indo TAM",,Rp12.969.000,5,Putra Group
Asus Zenfone 10 8/128GB - Midnight Black,Asus Zenfone 10 8/128GB - Midnight Black,,Rp8.999.000,5,Asus Mobile Indonesia
HP OPPO A54S RAM 6/128 GB NEW SMARTPHONE GARANSI 1 YEAR,HP OPPO A54S RAM 6/128 GB NEW SMARTPHONE GARANSI 1 YEAR,,Rp749.000,5,Cahayacell89
Vivo Y17S Garansi Resmi Vivo Indonesia,Vivo Y17S Garansi Resmi Vivo Indonesia,,Rp1.369.000,5,Gudang HP Tangerang
"vivo Y22 (4/64) - Helio G85, 50MP Camera, Splash Waterproof","vivo Y22 (4/64) - Helio G85, 50MP Camera, Splash Waterproof",,Rp1.435.000,5,vivo Indonesia
OATDRIPSx V8 ICED OAT STRAWBERRY 30 ML PF,OATDRIPSx V8 ICED OAT STRAWBERRY 30 ML PF,,Rp80.000,5,mafh clouds
Xiaomi Redmi 12C 4/64 3/32 GB - Garansi Resmi,Xiaomi Redmi 12C 4/64 3/32 GB - Garansi Resmi,,Rp945.000,5,OKESHOP
MELDS V4 PINK CRUST STRAWBERRY CROFFLE 60 MILII,MELDS V4 PINK CRUST STRAWBERRY CROFFLE 60 MILII,,Rp110.000,5,mafh clouds
ADVAN NASA PRO 2/32 GB GARANSI RESMI,ADVAN NASA PRO 2/32 GB GARANSI RESMI,,Rp594.000,5,angel 19
Fum Fom Foom Icy Mangga 30ML Original,Fum Fom Foom Icy Mangga 30ML Original,,Rp92.500,5,mudahingat88
INFINIX NOTE 30 PRO NFC 8/256 SUPPORT WIRELESS CHARGING GARANSI RESMI,INFINIX NOTE 30 PRO NFC 8/256 SUPPORT WIRELESS CHARGING GARANSI RESMI,,Rp2.519.000,5,Bintangempat cell
Skun C-45 10mm 16mm 25mm 35mm Skun gepeng Kabel Baterai,Skun C-45 10mm 16mm 25mm 35mm Skun gepeng Kabel Baterai,,Rp3.500,5,rumah solar bekasi
JUTA XXX SUNDAE 3EMGE - 60MILI ORI,JUTA XXX SUNDAE 3EMGE - 60MILI ORI,,Rp85.000,5,ARSCLOUD
